1.76229849074528,40.3264840707227,112.544672284779,57.6952452786441,53.1914496060552,16.9072812339361,18.0432991500374,38.9222550862025,43.3384727570763,-32.1890453071326,74.1476382474159,20.8859748776249,16.8463930821021,51.9532351738909,-3.64500898159247,2.92354636601952,66.3419656096387,-15.4986301836672,112.552602493187,-13.6083358221643,84.3643784547624,60.8459640551319,101.275909418192,-26.4328617096283,-4.43213209188322,4.24691592958465,71.3638736122627,-9.02539193841169,40.7720189598743,36.5539284346036,78.1150715830016,22.6500029415678,-30.4315987394081,110.577409451092,-11.28526294506,36.3323089623891,23.1992000237895,44.4566236754221,65.9539839463097,25.6838207693639,-2.86264653550215,129.861417559692,61.1697101636043,-26.3768459357011,30.8270298157192,-7.45989185351512,8.43282740196544,61.4338358011012,-9.69056541005959,0.556558708198214
13.2322445078004,62.3451075556896,75.8966531650764,-5.15185060905765,17.8793499283668,79.0426875244419,5.27659090107346,59.3424202243929,-2.64890064750665,51.0024754156945,10.4793327683482,4.03301682640018,44.8089657644093,36.4239424112088,-28.143030047995,4.47302767168757,37.4748068785941,-44.3113851943762,144.057664810263,85.8906283271936,12.5539348197044,16.3985048071553,40.1645522732089,-32.9819115332173,4.68298425311048,57.2015204728227,39.0877291963823,-38.5740793658016,5.27542624684385,45.9505254927135,47.9170130609543,-17.6764790283073,37.8367971064344,100.668095885975,4.44135878652991,46.2133121722575,15.8004150872909,61.5738563140582,93.8618809681103,30.7179909222993,-31.4045069665327,89.0003190336763,51.1365361628136,-25.6694929434423,25.9204192382798,-38.28483664008,21.8215835944804,61.7684571118072,-4.03761610423399,0.203149298454263
17.4175918354139,51.4727833194132,79.9724584655428,10.3230437405762,2.11026244694722,43.14340599095,39.9818897881,39.3292890426697,49.4325152032848,21.9994238955377,51.147835256154,38.5677951917452,64.1741684832486,35.8065774586297,10.1561849319341,26.2326449328207,39.0843366951351,27.0280490739688,98.1388173639691,42.6719042517976,43.3105581753393,75.4379565855143,57.8673552394893,-10.8331113443257,20.0235962812974,26.4121499124358,51.0052612654903,23.8688117141338,56.1397484871316,53.6094855394433,70.4037633273956,46.90214547249,36.3489543706127,104.955107120819,3.33343493575917,29.0646987284232,20.9872749953698,55.4812245040872,56.2319613513406,36.6729523207058,11.0136253757239,77.5565918875969,63.4546103840769,9.75762800948011,29.2715523812834,-11.4704569458765,28.5116296059574,18.3206904318921,-10.7988833056193,26.2052532899088
29.6980255702861,25.0478022492723,49.3973380221309,36.6803478891841,35.8079893860785,19.4042686606316,10.504815842501,31.9421771695952,36.7385204419954,-29.0186761674329,67.1705480825524,43.4329456787957,29.1468399775823,32.6772583353815,1.69059584924354,29.9717386610169,61.1057023316764,-4.40194643379692,88.3611680278298,12.8905417547532,78.8951951705992,71.5942700707068,62.158493662345,-33.7970870305851,15.8786120413769,0.126347365094009,45.2162803676609,11.7337556830824,27.1273369724923,36.0040422736483,85.1256814354471,44.5338046402363,-8.51229695728584,68.2672038244582,-13.0026473526645,16.8288150148897,44.234512683901,65.3218557820037,66.8930209108502,4.84309707708314,6.02513356147847,132.081549440216,59.8622643358303,-36.6098526968553,39.9197081448377,13.1150464899208,12.3622948215209,58.7941564106275,14.8410256327849,21.0696753920351
13.1674019477844,50.6996154964319,60.9996982278443,39.4620825750499,15.2047091222762,19.285482260309,35.3640643655949,43.29330870519,30.3800886513035,19.5752279954002,31.2763055305369,37.1677138673019,76.5020396927847,39.2797172408917,6.13606735404566,-1.49599594662798,49.2477457648194,7.15634956605811,89.446446975204,30.4266602949231,49.4550281234563,82.3100431307467,39.3467436156846,-6.47209559264993,7.00784004573995,1.19741547134082,44.021957095061,24.564967046072,22.0845944765574,40.4107226107891,85.3432178794103,51.7234507636582,20.4980718796722,107.235077588628,-16.5948130574733,35.4045220871658,31.2538593249398,76.8737282650524,66.7621433247407,30.7617471334889,-4.95445393099387,74.3201922389553,68.7500293974803,-20.3009364451606,40.2225094685847,14.1876922428255,9.84851332878046,56.1963650540735,10.8383083758601,18.303554708306
2.92459467830716,6.7327873850741,51.5134087846341,52.5368613109972,14.4871412272304,25.2436831601084,44.1789267849427,3.26700876902163,67.5382240446127,7.55546660374705,33.610787824508,40.593617673736,45.9660916717916,27.2542030659271,20.2049553333127,42.8505286950445,32.5635022218593,46.5744638025633,50.3220665468739,0.195438247462556,15.1689286659512,51.0034355776841,66.7969921036301,-21.585023296181,15.9019123654324,30.2610543342171,-4.23567893172965,33.8248823883311,49.5243513588691,23.8804017353693,51.7146532444246,19.6793799284628,24.7328386869875,81.7033039329769,-1.82770296908414,51.5041914129626,64.1346792598813,39.6465916629729,31.7739229070606,30.6693266433742,36.1341950336209,77.1595704603964,67.093957652993,22.077891184947,33.3995002456005,12.2312390990716,28.9050746654092,1.3495284920954,22.0827386372431,25.2777097217334
15.2506710460655,44.0211801554957,33.2441122775407,37.1314741655396,4.77244622128993,19.0363327637521,41.846599717446,21.5039512301738,53.7513748764509,5.07007464176976,46.3059309327388,53.6647116453903,57.0423731822942,20.3536793082422,3.72164640071969,28.1748055295557,63.6419313315783,15.5374896508977,80.2441423139938,25.8088746463802,34.8933045122713,53.9108918257512,51.2696834216494,-22.1797354886758,36.9053457627007,7.21196201546565,26.454846327099,34.9544284129887,25.4322556814321,58.2369068684441,65.5239764908829,51.9411554410844,26.4027307097539,66.9183568038213,-19.0456277940783,37.8801233369461,61.1955961648607,68.8736349965838,49.7908698524595,18.7451261383305,17.2880385153235,78.1597534287986,73.7779299071268,3.26690642518114,30.3149479708975,17.3613905729742,14.0766973438636,19.9286656073183,6.37306254119075,28.9418667304176
10.8677962089426,34.2405518422323,66.3097996268661,11.0697924323241,6.62933144256794,53.6800590686018,49.6430832932672,44.5168173652445,62.0000796279377,8.27409411641932,58.7179910265288,45.8781880154525,68.2510450285571,28.7497238299212,20.6215067743009,26.511011683113,22.317775745193,27.5261073396166,89.7937944028175,37.4871531656958,38.796186506535,86.114590866462,69.4656635717256,-25.035840873766,46.2286220096228,21.7563496098338,32.8031904343057,30.1734622260672,47.2822895339503,51.0037952794253,73.9503500262326,26.7656702504135,45.6661784782663,106.575560408237,4.0349625236805,22.3029360098181,26.8347717611049,57.0963534303293,71.3414279663657,33.1990367097949,29.9852694858448,66.7162635451912,64.4378613007878,19.8952540043259,30.2189616672699,-13.1969178860673,21.5253990370426,12.6970367430665,-12.0160975995954,4.69187102785353
-12.5573008164631,36.6920496028723,90.7522660787621,82.045308543719,19.1102553351501,35.9305385968429,57.2668097677308,28.8848003159649,69.5720752553291,8.19347885476001,29.1802549713482,51.8643521429895,77.0449406429645,45.073723486001,13.9282831875917,29.309579949663,27.7831183305944,41.656140766513,65.1776782886683,26.506253502277,27.0057519803018,65.9883631569331,64.2287898710884,-24.8817666286992,32.0300481359315,21.2078055640218,37.5903449563087,27.4808338667266,51.2812663133574,38.8371792541498,80.0283206959446,35.0202720624683,13.0120586912779,107.689722933821,-19.0583244343111,62.8772189499916,61.0851596868971,65.5755534052313,40.2613002212523,50.0916396757492,34.6357898836515,58.7587381726596,73.7673033778715,35.545580563305,29.4255541433914,19.8958059771393,22.9349518048525,28.9400048842624,34.0258433045171,17.9006051413645
32.2555884037605,52.7053832033321,71.5688444589704,52.9279716511735,6.28933931496139,64.6092579889608,71.3102561151294,27.7863846883904,75.4298608829976,40.1834308492761,25.0977968844086,48.2774393677499,81.5781708343761,70.1696363969826,37.5648794496397,46.6562014940567,48.1363717830615,23.3685007324173,91.8316447612045,24.4188561010629,31.2625090189424,72.733962510506,80.1624935091817,4.58850567516544,51.9297225265098,20.0527678574561,1.57484577884586,42.0627891788022,21.7043896855934,54.4249374674493,71.9011093342085,29.0170046300761,57.9698277626895,144.284724979044,45.4199288071967,81.4873737622084,72.3650459353046,101.015875585762,87.9107262394974,65.555081311845,18.3044225535459,66.2618401617984,73.7422621873847,68.2002059302381,65.5282492276946,15.0468513512394,11.3493397807933,46.5452368644491,9.9713119533871,4.19091748046049
22.7646375711241,27.5852880778553,107.124583844241,76.2594571567735,31.1314578870439,57.6681253391111,72.6661711988979,26.1396882927653,126.877864804811,20.5345030526782,85.6857786898887,77.972231777393,82.6051650372835,67.6208361202686,40.4899041428042,57.5823094394162,62.9639164960984,70.4204257106209,102.699768929083,11.7346001402719,54.2183292039551,106.955700625889,130.958854659998,-15.7693115307045,44.8994608350275,35.1202286499554,45.3314772388894,63.1455838194303,86.6108582536537,62.6611483474656,100.373892772009,44.4537041663721,37.3338729854662,163.256306693914,15.5013127297534,104.826415895588,78.6424540442547,72.6999280877711,96.9192567837578,70.2709205126246,51.8929111069012,104.042701266701,105.443272777518,47.0636178219947,69.3418692556865,26.7638515381182,59.6154424951118,29.005814067527,31.5178265354585,21.0848023100194
14.8398364973506,7.85451383865288,68.1237036361686,41.5099745453093,17.7916287086959,3.1283551690286,63.5404957450901,12.7336348252143,74.6414909877656,-32.368247559226,74.9196431180069,46.9060573839656,71.1847908862956,56.764535461783,32.0759611876127,17.2525121798903,49.3164493884443,34.7803919619287,74.8504562807152,-29.033942808615,74.0470119604686,104.270528678108,99.1417605125409,-7.45324210613113,29.2692042287769,-15.2456787374254,36.3253944544782,40.0574486175368,46.5363914651073,31.6685464289534,84.4739451271675,46.778046561499,16.0465695850471,135.918946368979,-23.2785212242623,70.8931675685025,43.7166983690921,53.1741049918602,81.543296047389,51.6585004449261,29.2822540754588,91.7259926139705,64.8564885405223,6.43754818690462,46.8664252708135,14.3548869796733,44.9969110743623,24.8910373167295,-8.47622478538693,0.01
10.7348059945504,45.9049269553008,105.93460830672,77.9140622330289,38.725712882358,57.0515257032487,85.7231589670273,61.2452931237702,99.2771665023087,4.04218478869688,76.8487944423115,70.3174618187804,127.726761685999,70.9273623252543,36.9010184514322,19.350133040221,41.6351011161204,42.0928405391976,103.430765726688,29.3391408064531,64.0633513781447,132.138128480831,110.718314333023,-18.0260524063224,56.7878735701286,19.2829255261299,61.6080901872986,45.3002450160028,55.0472305420171,51.5183993394948,123.596354729973,45.3785658021139,42.1853627155596,182.324949868347,-12.8803787480023,88.665241364676,63.4157990496964,104.368863372694,122.982686928649,76.4844663562615,48.8525240877884,73.8486673215944,95.4913301679866,42.3137712896537,63.8863857129428,24.9780331300829,39.2852226850292,59.9560535045185,27.7360489144377,14.8775733720348
-1.14591535896527,-0.142044627081238,117.635592999595,38.4225750360503,12.1823585792057,63.236166826603,30.7276498024114,12.8597196551319,107.002235949625,12.0139857795285,63.6976184843625,39.7569071330059,8.36801537805765,61.2859317477927,33.751642880249,37.1446567575287,49.8159918402697,44.5569655316381,98.9692015674081,-17.0387436896816,45.2325424658796,84.6043289284295,126.409983804313,-2.25058881317145,29.9956395325633,10.5105528073437,32.8598220216214,49.0464995978221,59.4042435809496,50.0452020146054,53.540816673422,11.3915820724893,4.24342954351772,123.552327665354,63.5654062694695,72.4054986604596,40.4070804186433,42.9354964133775,64.2654574075057,55.024097305725,6.63694786860588,80.8040223891619,82.2125389256015,51.8040623671404,55.6285004186242,-13.7479602955665,20.4254790570002,4.78879121959209,-24.7540234078094,0.186683700531363
21.8606487266966,33.5595925486429,165.689482511325,149.894375034287,50.6644053628292,80.3724588275265,4.07902092437592,25.5242968882628,75.0713426789037,-24.2529990012827,51.1387927874644,48.6801611199704,-55.2647016408015,59.7557870674484,20.1042560785603,69.2564984502957,63.9609488877318,-6.26133781605738,101.172748945627,-39.0770377701463,76.8373217890814,70.1592513151061,105.725919616458,-31.9174599392374,8.5785180458369,-10.4315336800095,33.9088646928959,22.5784576876289,64.0042567168694,31.5051956941345,115.438967545543,22.0341804574736,-75.8105246435765,108.753394895079,83.9305377087734,20.7829902746299,74.3143579264097,91.0857449854553,32.3821359742104,11.2378641804608,1.70801117656079,181.339098331688,101.011950265014,24.3008718899718,68.4437490721934,15.4955956325568,-61.1057876957442,96.6004847509168,11.8510019844503,2.17530619440488
18.1423210174675,62.0987460389245,127.436831367025,52.4312543817522,20.605252638038,96.1347063671446,60.6532251783302,66.5937921969811,96.3805247588816,15.4669093946908,76.1200817465142,55.8471175020283,63.6659960349095,47.9328723316966,9.85451429408751,62.5328084418395,81.8683591562561,9.17169383730466,185.357938047795,48.9598884022499,55.0547234741894,88.7087914784997,114.183303938878,-51.0360450887704,58.9580647492648,41.4669607021706,42.7921713370149,21.7033094630333,54.6198225091118,86.9366128067381,109.454170390895,27.9543143402703,45.5419838070831,163.419251682474,18.8788182822934,64.9338826497557,87.4405041705452,123.777080438602,98.1179996966447,49.4374992120179,11.6707901672195,163.088522809377,121.024094178491,27.2217446639981,54.9065769804061,-12.0315126456753,17.2880890589152,40.5222033151147,1.90827073930682,1.4475448210502
34.3959391120837,34.3189300982052,83.7327369183435,45.3081746193352,-16.9672351580882,96.9089403796196,96.3033701272073,40.4567461164509,98.6953666573553,37.709111805261,58.479650225476,83.0462603343396,103.707169260479,41.1750469000186,41.0401844531464,64.4893631415161,24.7273946655056,66.3825975174432,116.46285736726,47.7533969670766,11.4990447767812,107.824833339028,75.0690256317999,-38.4734967095684,78.5284613141749,19.4253015907157,0.433689211886573,67.0585225382798,71.1067862730443,65.8283412378617,110.491022762207,41.6987585573991,72.0711925929775,149.145195006048,20.2472438647721,62.849900774023,79.7266946005929,104.396660417699,107.516920572255,64.3128787731411,49.7374400388976,92.645050044966,115.602865242141,63.1142514276151,72.9456233338148,-9.80505851258723,33.0459920823367,9.37566857414653,2.65789040477653,9.97753582610948
-23.1735677424652,-15.1464606725143,103.45591161669,80.8971435862267,44.2428311506509,5.65107335936147,67.7079467885522,19.8004108182562,76.4895437924322,-54.3352379387629,58.9587174477646,47.1013720768254,89.525513525202,87.5268427738018,42.7438239273637,0.837786022439086,22.2586682256298,54.1238545883772,59.6094712593831,-33.7655157460312,68.2716736345287,94.816185355577,113.874189669983,-12.726590011797,32.4884257527891,-9.95972311386841,50.1277166169429,20.8071678930708,52.9828423529626,11.5467326778617,87.8711397896053,30.2213787609862,4.33754218109131,137.555440995965,-37.5666980324443,92.1723011555052,47.915899930756,39.9198161554127,79.0544242688202,73.6240471752291,37.722852672267,61.9858822452799,60.0190640954264,31.0700914859448,38.2545142142357,7.04514555133613,58.9944512670484,19.6276315396888,6.61152057435475,0.01
-6.36915627080448,9.94672353358178,126.566380755796,63.8144842980041,8.52554188148288,74.8280370516832,51.5695750283967,35.2496947680148,100.830693639284,6.67202757070741,40.5395807544507,50.4762136060277,47.8620288853261,65.8237928373772,36.7393737244165,51.4291580643888,24.0701012114095,32.2114069058882,99.0801735684614,12.1452770508961,34.3403021335209,86.5438187752893,89.0172217041348,-15.1680195218574,64.9062544292781,14.5955342972689,19.8171404921055,32.6351840567288,27.7541520568205,43.3028810169133,80.4956027897988,16.0496066982435,18.2098773576106,125.482316803732,35.6198547962833,75.4107071005302,76.4589435106254,94.6935250965777,64.9771294934125,67.9030119508845,15.6804428753701,68.2628013262908,79.007400400728,66.442912998293,48.1053847107259,10.9762724146067,12.6695675244119,28.355147014442,20.1541953635377,0.878059397627223
17.9097234569947,52.4655176529363,90.9761756799363,91.3433283480958,55.7979990904593,30.8859655164451,48.2601274955709,36.1352788052627,83.3899912689719,-22.8153922743126,74.1259242772691,64.7406799798014,94.6509047161404,49.1687571032543,15.0001181426454,50.071160573274,118.419823233744,12.5935865293175,140.698193822522,33.5230309979752,59.4110226859441,69.2417690584354,104.65471035723,-40.0041573648799,31.1632316348639,61.1582091753998,33.5263344707478,10.0176022033857,47.4496842306824,68.8393097529507,112.674049936112,57.0053323775607,46.0769916630939,134.592487691269,-44.9025506541454,110.831088382171,133.645335096756,112.081367094275,96.4772083417425,45.7028243117886,19.276742202052,150.254673408752,117.400762250483,-4.89386414006182,44.0289638719797,42.9244645148243,60.4947603753873,46.0589793766101,54.6046425310326,4.06567989675623
44.0175975397686,52.6562593243297,18.4405392322122,9.51627509033522,-16.5956638596764,0.424702695425507,12.9567722876636,-20.691235071858,9.82374118855879,1.00359566855766,18.3502878810459,55.9210570743134,62.722268299025,32.5817061333833,-28.0386327670742,-26.5693112712971,40.2328441314734,-9.28961790928559,48.0891959357508,18.6253869403785,27.6758414493471,49.1943295710619,42.4161905517172,21.3329337750603,-14.5457925968092,-0.951108207596883,59.1818437759747,10.2311616422519,18.9223948433832,31.9392850850209,43.8996078537629,61.8281361445244,7.5325768292076,62.2402641259152,-17.955394667396,42.9064017681843,17.7804665995419,8.17469599508904,53.1565461187497,25.6332844573441,-7.78280437588081,43.8901162381843,47.0551785147805,-14.1314380078887,3.32498260405244,-10.957845340371,13.1480646697174,42.8358305769149,-32.2157134361509,12.8182772077034
-21.9312511774579,25.2971879934783,52.0553321008928,6.39549387393672,-16.3297263404878,24.8345767343577,18.4725015981375,28.3089902064439,27.5053713762696,25.3298157975289,13.2409796689286,7.58958157670661,0.489429506942633,5.66221900234725,-5.87369528531581,17.3073730005075,0.92344198049217,-4.73490635390513,64.680638834132,28.461793992547,11.437617895354,8.25482697997142,13.9019684655506,-13.6401343838364,27.7234364485402,2.89578765839769,17.1241016548956,-0.429665926892865,-11.1792031116637,33.3062095470951,5.89317858549054,-7.41128200101129,0.501906988118904,23.1469372602239,1.70136906362073,-3.63127712517563,14.6315355118743,30.3352661666391,-6.62878602437778,12.9598552890264,-6.72474153032306,21.5611743888244,20.5155790205054,12.3372773988932,-2.17138976554087,-3.70393543208357,-13.731288633418,-4.99259829558844,3.84895471260976,0.0615814374105152
7.59624208148236,52.4434732462613,34.7307181645815,-20.0160721176735,5.73042262703335,-9.16568567211162,10.3592598075579,25.5246184515406,21.9271238619904,6.52726640476197,53.6436320158463,9.39498207803662,21.5173405988137,-10.1521563099398,-22.7035057474452,-4.34425649022481,44.745637194566,-12.4595282564516,82.8514443327249,17.8728561578281,32.7421512537219,23.5389966900695,35.7720980801859,-16.130472290231,-7.76174932419424,19.6918340075354,51.470770411025,-10.1754808311416,20.7687858152371,39.9208789052193,23.7819078853707,24.394234978758,8.12011805387449,39.9654072848423,-27.8083664932104,-8.37265310916132,-0.296739289685381,18.1820110542633,20.1406042575868,-2.965686196866,-3.76336263968517,67.8404697914913,29.8821349666677,-39.2924739505243,-5.19362778090355,-8.69241221728091,6.49364634578769,5.07430163464185,-10.6688075218597,0.01
-0.121249219121727,33.8496304417914,19.4159188368571,-11.5844112594691,12.4474061701995,-27.4728096914476,16.857927177275,8.04824271777908,22.5749110843714,-23.6699293365603,43.498182338653,26.7677312013508,46.384146848395,14.4615935772531,7.22420718658527,-5.80031349692012,19.7300915847341,21.8908274107924,43.4109469458475,4.99245159947925,47.502317273351,37.4501136071353,38.3521949795143,-14.6160432340304,13.4074067616405,-5.98529329425691,42.6663372788625,8.13690631946083,34.2842187155853,34.8938244828769,34.4034551428126,36.3198312874743,13.6201771199346,43.9192152398432,-32.2293766566027,-9.0763825989093,-4.11573406780849,3.23478491034254,19.7422012645596,6.07138946804484,15.4079273151967,46.5241550101917,21.8089998498197,-24.8656165206939,-1.80532388262108,-6.21056393721275,19.8479266039962,-0.665219576154094,-14.8143384715192,10.4415316279503
-26.981248663818,-20.4998776545552,58.0885286518155,4.4318965615213,9.47105165257647,5.60281924315571,13.2068103327108,12.8078259114874,41.8789123059983,-42.9772066327797,39.0437258897268,12.2030963108629,17.5519732727171,37.026546797258,6.87667129247711,-2.34789872085022,12.6049660976043,11.8801302663145,60.0315665687879,-29.5499311765745,46.6534356884272,54.2191366154521,66.2870283895883,-17.520644386407,27.5511224316107,-25.7753400481926,33.7409726585013,6.24617620931884,5.01366573626889,14.5566200232827,33.0678036545786,11.2431751220073,-14.3991048395219,48.2986278343889,-12.6486432309942,21.0101811911635,17.4726975450822,15.927178660601,25.2456611861421,23.7049482659575,-8.16240167930084,51.4601988916136,36.2868074914714,1.19127973711532,8.36057888014256,-26.3840075153095,10.1011340070982,-9.09133372831245,-37.0316523978294,0.01
4.79095538581436,18.9902667314956,40.215372373858,13.5717827321317,11.5052191292655,21.6991474839018,20.1228969263655,35.4341353497661,34.5328838471194,25.7063438603489,50.2495679536392,3.02340467117854,-7.62927098628084,14.34809245079,-0.669130036412334,24.3475728097402,41.1959541244714,-5.49381900757636,63.6981712197566,-1.68467839849718,32.8133673570227,45.6550460250218,37.2236345424541,-5.14981637158665,10.6446662860863,3.21010030876731,7.64890352681499,24.6695628187616,-1.15670797084563,28.2599046079344,30.863200946524,8.70582992485411,-3.65726394293144,45.6921339192348,19.4550496032826,15.5050602373738,12.1490162580206,39.0980953129347,32.6737264991645,1.00770779510744,6.87483238525815,60.440148885037,40.6094429886093,-19.1651197153206,29.1117036072754,7.56961216231816,-10.2559147609797,27.085756484552,-3.07554560136507,9.29679635800588
-11.3805100852,10.4032386088254,58.1900955212566,-11.8211131479435,-12.9348378507311,-2.81365747426094,20.0510986813966,18.2319468906444,26.3081237983638,-6.91219217793139,23.7798226151127,8.49897651336762,28.5985821738468,8.75529148736513,-6.58145890019061,-16.0330141530465,16.0576926939957,-2.04699098603021,73.7960078177945,9.01021363187612,15.2801678196066,31.9648410306341,37.0454607404424,-13.251021434781,-2.46891826846253,2.12193357101496,45.7507288814858,-16.1838813221235,15.1832057617321,25.8478418012611,19.889177449715,11.1014148722745,-1.92622191181476,59.5285821604308,-34.365081393801,32.8406618994935,9.75452587130346,18.6656308477418,27.9675475419001,24.2991989700606,-17.1109951695413,34.0613478231936,25.1106268648668,-4.59271200364105,-13.4867329928551,-18.9308602962372,21.0097947149861,-10.7331056995266,-4.72418413772731,0.402911883949504
-5.95987068730367,17.7914761833773,46.7113732693323,61.4779779427605,43.4873050730711,49.6198404613357,13.4762432243566,46.1402742375539,33.7566969348444,3.27635803446639,30.2440785084656,4.60133805462178,35.1864531511761,25.3781953690102,-7.74172718608315,33.3613823773146,33.3951543756728,6.02970908509691,50.2422614376808,36.5502573043352,21.2212534033463,51.1832555561555,59.4194976552917,-43.58441919034,4.47090152028623,45.2789721773471,25.1429500640313,-6.95435980238122,36.656917699215,22.6570356492653,63.5650654560896,3.61526741462751,13.7318641092848,84.9824570016208,-4.76668420599118,40.5626754992699,47.0178430268482,56.4864783567942,36.2885704268154,-1.58908665209731,22.3161481617201,77.0004399746432,51.8154995981006,1.52166576509638,19.5190483772806,6.88454082793768,9.73539486298189,30.3378278403307,31.1856338655163,15.3473089466356
-19.2042066297025,-13.9959299336433,33.5974974811821,27.4859042614208,-9.65645679663031,56.2075352866126,59.774983270107,22.958551493575,1.25273559200959,-12.3081608294032,-5.29745110835509,20.1372658578988,31.6337965796152,24.8994906059187,3.07914341356632,21.589199303365,26.627894327012,4.35041269456159,66.6585304099515,21.59666330832,3.28085363491283,61.1996594132689,52.3379642026567,-56.5410654345636,29.4990505070124,-8.81371468594513,-45.3384971380151,27.0532668709476,10.79293062905,28.5430764320489,62.3538639287376,4.65951510780913,36.9408469433483,71.6889803865383,-20.7222211826483,24.9291956225828,32.3427787736985,41.7131297891518,59.7425063103293,7.24806759866115,7.36830161166867,86.2891478369115,56.0517119418554,1.85999092641905,25.5632018160652,-57.6328754322522,-4.02813273959424,0.986563514774056,-60.7067278742637,1.52360256954488
30.2101199596127,46.3379391262312,-0.751167459915627,41.5183963703928,19.0607623931538,45.2145552618649,30.6481690148059,38.3972182459624,14.5338256296137,-9.01469592898715,15.054418039359,37.7554126859606,18.7184353401268,2.46128195055298,-19.6679404169853,37.915700369063,59.8176168892554,-33.6285502999918,43.8509382982661,36.4818699417038,32.6071475501444,33.8794494552247,45.2311009974421,-38.8632525940821,41.006046188873,2.80109874698337,30.2577721719413,17.4348103570619,-4.17811947875543,52.8613972783465,53.2089743214326,28.3983529854209,-4.5947190031626,22.759144812168,-9.48765256150655,19.0494769753515,60.9254862263911,61.8477760471229,41.8870231908211,-10.7979696410434,22.7796318208114,73.259947401096,45.9606903903654,28.2199792676336,1.57476317066918,-3.92808091057678,-25.8531333208418,52.0113175927985,0.33622042309269,2.60163396360226
4.25072811362633,41.2918492599841,4.28902346284371,33.5134421221093,-15.6608933913056,10.6562094260279,30.568432633425,12.1401476542664,34.7734781695579,27.0387059469378,30.0498945543263,40.2562246692462,41.0142962386373,-11.2947477100656,2.35361585707908,31.6080129181474,17.3133447500159,32.361147506075,27.8351168497597,46.1791490173139,1.82736937638332,31.6988617493547,5.2317549526846,-18.013809762361,20.7677916335461,20.7594742597619,-3.39672095924578,31.6071260982289,24.5677892578925,45.434996619868,38.5914063101252,36.9168659967948,43.0836965904632,32.0220201790774,-11.4151607516305,-5.16918762043083,42.5179827543657,43.7407300499458,-3.18348316100485,-11.0576102428096,26.660009653202,29.0550045238886,44.7365184343169,-0.827748366176261,13.7338959155517,33.5769013275873,-4.9694259096755,-12.3484940827264,26.8899605010961,14.6716425261761
-15.2939108076615,-0.9487264862914,38.419478506528,57.0909154118139,10.1823002534379,36.4911027247833,45.5537426084103,40.5160190199354,53.2095676010032,22.4189353778143,71.6553735328068,15.1502090547689,10.9888573424599,24.3207599466704,17.7330700873773,12.7819324824229,-2.14669537852815,46.4888039631699,35.1660121847336,-10.9399549170306,44.3315292243512,80.9322095908063,75.3632488046911,-1.23825268274589,3.98569811807125,-14.279486455641,13.0268145142296,43.9290151397177,25.5877163364146,15.0949683368677,42.4571420888433,-4.29233868282818,20.0560321813579,91.5272920350714,39.1089433008506,-3.02779830337285,-0.947769255923792,28.7701265271991,19.1458684433103,-8.66191726900961,28.6075177523243,46.014472644376,43.6746864583371,7.53389060196693,53.7303924522761,10.9921404845337,-27.9093915979596,-3.67584952868633,-13.6894756166185,59.3487836964271
-8.26032279368083,19.6272213678261,34.0539676232981,36.9294713077014,22.8378578645841,14.3155972293923,53.5233138001463,30.7855141219188,39.5017854702931,2.54302849248181,26.4019643218284,16.3869957905199,34.9089105584811,29.8969630403921,-1.76599472186355,24.0000798511892,34.970999637484,-0.319024862061189,43.4182541873179,-2.56907355664137,24.94925308695,80.2405097376104,41.9274471031618,-50.235504113993,45.93205445465,-35.0998008016987,-14.8597608174798,47.9449995759971,-20.3098179355504,34.9072688898815,64.790468600697,0.166536229527129,-20.8977819702117,88.9211994556103,-19.0346477542651,37.3717608234423,39.5022636427116,69.5139365229876,73.6494154503098,10.7294967622797,37.6877927867016,56.9331414240588,59.5303143769123,-10.0542749796896,45.9517008904634,5.71955859821287,-27.1076663268711,64.3814509723937,5.4363876508452,7.5952159542674
-3.84963216042302,48.735080446581,58.2819397388534,6.10792095761185,-4.0311791578342,10.141933248579,18.1496342446999,17.9082535938739,127.446157887745,66.5504630207845,74.3270774843973,22.9970904719212,6.6937279814823,-2.72108597051677,3.53773488207303,49.3884809327378,78.8703893075033,29.5532797149955,79.976751243259,1.12052058984653,21.2627956970447,76.5477356540402,66.5938440249395,2.64411643306447,29.298102478939,25.3244977872204,12.8177614445411,69.2671652053249,7.24087787968462,73.5243494570673,28.5766867002132,32.6664783438212,18.2207037050714,83.3068960007823,45.9443688903244,34.4397191325462,64.1169583142107,78.7334873939699,9.92198843910347,7.74935812600236,9.28694203815317,42.0986086368901,76.5754498140646,13.0773256810445,45.3474234803766,57.9182658613463,-22.4477908093975,-1.98724584342008,28.8222162727299,0.434230704091014
30.4648429186617,37.9671317249176,24.211360020825,34.7494845661323,7.19961485240923,54.9707412993213,46.3067212100218,-15.2049514484125,103.790139319631,62.2998657496298,60.2938572351919,42.8441781910236,31.736427957458,24.6373203749489,3.96337550015638,61.2510209156937,41.0953204724285,49.4842267750035,17.8652288070555,11.1153296093059,-26.0373434159616,31.7661155781947,90.6265256737234,3.51485184631984,32.9188167362218,65.1356624654701,-5.62823872299686,59.3698700732184,49.9366721099573,40.416312282525,15.9638217163638,6.18675021473519,45.6073634123424,79.7367969760955,51.4654129557738,79.6151982702152,57.5013720952514,27.0368057855582,53.0176841096244,33.2529770859891,71.9227583215564,18.7821537915762,62.1674375381997,70.7767442406992,50.3462248904564,23.2716611905369,23.4672575388802,0.183821489996957,8.20358848703351,0.620171607177339
-42.1933939066268,-5.89250173888682,51.4109609044676,-27.1953381454545,-17.2946936242278,-8.91081504841564,12.1091355244928,-19.8441504004772,3.52730237977102,-85.195020267265,-39.4416597089815,-7.90086043068103,24.2383220704951,26.0437365568868,-3.67095943524371,13.6172154816072,4.42232903678594,-17.1943749726659,56.8377961991231,-5.64437766921249,-6.71639143279154,-21.44382434416,38.7781379611291,-59.7791876400861,49.3583906051398,-2.90719240119035,-2.90230743007434,-56.0915622422184,3.60969871892829,31.9557583202072,8.79342838653919,-16.0095750751484,12.2350769701131,46.7733182334848,-51.6443938567275,33.4818731705427,47.9248287225727,12.3933924832496,-12.8102774021315,22.709742528015,-16.1568142012606,42.9386850604514,8.21395901676801,31.1943639934895,-53.7735478038191,-59.7696991072076,21.0271231732336,-41.1654699562779,-48.5765681874958,0.393804589461565
-30.0677816389483,-3.04411051484647,52.8938172051131,-14.4378715723049,-9.01343818981,3.43933706230124,-6.32880413235832,8.56675747202424,-7.83055464647971,-20.1436164242361,7.61980734187697,4.09501470131542,-28.6990199178809,-6.35567289485321,-28.8903042010841,-21.7164538253183,-17.5759061223628,-21.7680360435379,25.6820726555289,-9.6191000736497,3.38904321383229,12.0179006831989,20.9619727493604,-23.9723116384567,-16.3515568572243,-8.59216316195223,14.2335451011435,-22.3007476711075,4.87162999920331,-2.17887135141865,6.41101783767184,-21.6748578078098,-36.3930340043759,8.094042966138,-6.08551649190569,-19.8013024719606,-40.0678483632717,-20.2058383271087,-6.01019905805052,-13.1600953741049,-7.98586261928018,34.5719959671043,-3.73510343797645,-37.5731202940204,-12.0493404441628,-40.5293209085477,-23.2132454031015,16.408971916166,-35.9162022258541,0.251825969403324
-39.7896574159467,-12.1841189225639,40.0673323886036,-70.0559686970625,-24.7828920273113,-49.321483302491,27.4076772192791,-2.2987254723297,38.6345625325986,-26.3652076972193,27.4103890848974,-11.8172128274784,19.1142160282518,8.2201206950527,0.0616658631341264,-28.3451271627294,-3.16942415421744,14.3894987278218,60.7376844230181,-47.7477023095364,28.9150831548249,20.1187545597489,48.2253025981939,10.1448084538729,7.54520282771458,-15.8681834887158,47.1978063790645,-13.8429074376044,10.8289613989835,5.51017761139628,-23.2406106185088,3.88964881962647,3.97798998378957,31.8143696779988,-38.4293763413487,3.42861461183532,-36.6478965387967,-24.36803951074,-21.5259472612989,32.942939273133,-8.9517829342391,19.0809919164478,-10.416972284874,-12.6703843525783,-36.0726430266842,-36.1459415878294,32.234831027893,-56.2819955075239,-51.6785467564517,0.109038305003535
-7.13910351948755,11.3871162828308,23.7902034082423,-21.8942865730768,-10.164407533713,-18.5355128295406,14.820033168369,-9.88103334899047,4.1096999685658,-11.0466358259377,4.9139999289695,3.07790791680471,16.5385730482411,17.9158598662178,-6.13967721455711,-16.76919818279,-6.10881603618051,3.19720847308542,34.9151358110747,-8.78179636913422,25.3064143665146,9.06686820077424,31.8059275079479,3.19236518320727,-4.26752330301275,-5.78517817368048,27.8476045604783,-6.92824234762968,2.8937390979922,9.83874097350163,-7.6956927484857,5.4364385839455,2.76993425540704,20.7175837877589,-15.1787657981501,-15.2992706267935,-11.6017531052934,-19.6129320163257,-6.39416556629641,20.5717642166353,-4.80893439551972,29.8822767262373,0.0435090529929652,-2.99778197169251,-19.6176439855653,-31.6240665257788,2.40316480114581,-14.257605255776,-34.1210768919373,56.7198831520148
-14.5711943402284,-32.9794372377817,66.2917676498125,-14.0152549257428,2.12845467567682,6.81836789052398,8.84947996778113,-22.4737320691357,48.3462278604734,-37.616910867627,-22.0886874609027,-6.47476903277274,-0.933680967586778,48.8147420637588,16.62039555936,21.0490477220019,-6.13657658365549,0.57488249648302,-6.96347030224327,-36.2710656895882,-7.5964840873214,27.6468393116391,42.7768977190139,-13.8848065602987,43.7381534510253,-11.4056610020197,-9.07687554401697,1.47420248123399,-7.72213443940446,7.35404230653561,0.512329986820667,-19.5345171002559,-39.669838937129,48.4398586287466,13.1384334337255,68.0358728119011,33.6915772422284,3.94119635311025,24.2289671383838,53.3747088329679,12.0007536838649,-18.938907486293,3.04004134652594,67.360714712523,-14.7525378506442,-23.5039184443367,14.7540718315788,10.5081592684283,-4.71001718638958,0.01
-5.68753943407632,13.5606902803907,32.2225370925666,-36.5634414774286,-23.2826011256789,-21.3990616756584,17.5499077138477,-2.91561096858655,17.8132949378692,-16.9185836864037,15.5904240824492,-6.69727245898243,-3.09734511701607,22.8361364347389,1.02776302560618,-13.1324352620039,2.29790621774825,-15.2944271227301,44.8363093875186,-26.8397258284935,28.4256828091081,18.3637166511483,26.7538443427497,5.67634965934318,30.6338756823134,-40.7289078873375,29.7613811106688,-0.428365717171695,-26.0771677958548,22.2756903312248,-3.10536912547403,9.05429842539041,-13.3316303610961,22.5657621682797,-7.27103542144631,-7.55663800234895,-12.3328258081651,7.44305840533668,8.87348978366552,23.4572238933402,-17.0812436786796,9.05210550301106,-3.15785666750978,11.4712808913923,-16.243958911511,-24.8093816573169,-16.6484557542406,-5.59929784068193,-48.1884078202696,36.5312128450812
-10.1755367193255,4.81948389109003,15.3186364877239,-15.4728772394741,-17.6013031045587,-16.5704528172097,13.1308054440223,10.6344418108146,-5.61562034816831,10.0516699828776,38.3789334664734,-5.10722144358868,-16.3077003659877,-1.14711879242956,0.2794721067331,-32.2594956714468,-25.4389839190535,14.0647859426101,14.0373442753946,-22.3195101090819,25.7437568926091,20.2413964577887,14.3503064043561,27.4312264753944,-25.8250719863922,-24.1419791127411,27.4580526308,5.82359936846487,11.3546792611385,-4.48777035273564,-11.8480295943363,3.39887914050153,-1.76620768326663,7.07626587415181,9.1031740478087,-42.8399525185017,-60.3487138239312,-36.3455666703939,-16.352823594744,-11.3783778516212,-2.80704299532342,3.00006865088146,-9.73207377909351,-25.7419415754058,-4.65735417980704,-21.6866723734538,-16.5186152514734,-25.7387889797498,-46.1016737847054,0.656500834073091
-18.9504189596475,-11.7093299880451,31.3857705058359,36.003232195602,-4.22786891971751,-13.2078429204928,18.0439222348117,-28.7306508235392,18.2917362181919,-5.22865735189371,-11.0490361997883,10.5866243287003,27.4001498083565,8.53708795129478,6.79823455079182,-0.42471544753914,-20.1781865437584,43.2999382790222,-8.67357774599854,-20.5592132168531,-15.803046569384,-8.02557575419335,24.7045071361968,2.15856546611653,-25.9446893452951,27.262156010595,0.743089669059466,-8.14374561577092,50.6276421677039,-16.5119031841839,-0.573804303895469,-1.09963895937468,9.39869120324808,27.4402738547279,-19.6766800558622,26.7818823360385,21.4966157574055,-33.7373466257444,-33.9277739102762,23.7164139132293,19.2898238991781,8.70331362218427,14.9847682391235,16.475212099203,-15.0885000555126,-3.72245435621291,34.5626500808437,-40.0606725460024,8.34988443982922,0.287876923080611
6.67045091830409,20.1869521610159,8.19436883479815,-0.485208957521309,-10.0484766464506,-22.7063960171429,-9.73970458473419,-18.0699028502134,-18.7887088080955,14.1633876046043,-9.7345989806291,-0.268593664388562,-4.56037751104,2.92104856984012,-3.64826258609464,-21.5227991846861,-13.7829291590258,-8.20648242328994,-23.6928744915419,-5.04948331118798,0.32082958151941,0.725736291422091,-17.9329402637264,28.0979479343949,-25.6907721890722,-7.60968643727436,2.85343112840642,-0.616364410559712,-11.7580589146254,-5.83485975665077,-10.2692313150013,11.6607655137623,-18.1310430692901,-10.2699754959381,5.71377306310611,-8.05101295640157,-17.7771435100404,-23.5736607690129,-9.9476315072085,0.525556722467279,-10.6819117307147,-30.1482606032056,-14.9895315205005,-10.3122414962501,-7.28757246537681,6.12166004993931,-15.4855490341895,15.7321352999657,-4.23760321268015,0.396945686977551
-14.8682152975332,0.355612716724288,42.3414683076233,-8.92145789831413,-10.5703251492226,-21.1052140723756,-1.26465106349807,-17.9990769190782,12.5821252874039,-14.3705111665821,6.24415645018111,-2.77740991663001,-0.399781893786651,24.4090163187173,-1.10194134147849,-15.5065869796163,-15.4534437773234,13.1218504162845,6.30233688534518,-22.9615006683202,10.2046382904912,18.282129787416,20.7212493299286,6.97514531257671,-2.9996260564588,-19.721669771301,28.64945701766,-0.809861894196913,10.8221977181575,7.04227471863555,2.0873977498199,13.4895553566696,-23.2749666894663,25.7134921646973,-8.08945188397584,8.56302717055622,-14.337856181371,-20.1539361068919,-8.41328366419575,18.9212803289052,-9.22760381393312,-3.32496978765299,2.51508722446358,2.79799800666955,-15.1641214382159,-17.2908257268761,2.75789371243573,-9.80588488831302,-27.0858642501746,64.6659017603853
-12.6066210921333,-6.36938308232514,37.0264594795904,-6.91221893848684,-16.9031143541142,-12.0633841737567,9.0753388720943,-10.0193543757041,9.5325975797292,-22.6526130766336,-7.91804976776595,2.99743957957961,11.036161644651,26.583166844767,0.202059271642381,-14.3481642407949,-14.7941646275108,1.82744637703843,20.533141953078,-21.0647039338858,14.0217902277756,11.3689828450428,27.2942210522967,6.79104636879057,5.63467750064827,-14.0601354541131,26.8813625463286,-15.8440585330429,0.500521579116402,0.542351858061303,0.0301640579092222,-6.56560199908087,-6.24658672514486,31.3115819482776,-5.19101143571443,10.277852041233,1.79930164013461,-8.23896656292027,-9.78742318199539,23.2436389792876,-2.95428977799228,10.2166239319058,0.887910074769787,11.7812239471514,-20.2540561609987,-20.0824412710744,4.24892092685295,-9.85479640213151,-24.251366488987,58.9645833781722
2.73272006061139,3.82731268368167,-8.52893966285772,-14.3077568055533,-8.95536489901614,-15.4281451784045,2.04193597992125,-9.18743101439659,-11.39836060387,-3.83281843554092,-12.1853146038097,-0.132541129891617,25.4162161952386,28.2325477338085,-12.411723124819,-23.4142283033268,-12.348625684485,-0.402882481997982,-8.56032645884211,-1.34120093766108,11.2088467026528,15.7671274119285,1.50293532423443,8.15205217269733,2.37278258523072,-26.1972642341521,28.165846205124,3.57112632938985,-7.82950053710655,5.61041493331224,-2.60517971556722,7.47333551253932,-12.5597473566397,19.1687533197713,-14.1436947947712,15.1042217465583,-11.6267631955528,-16.0680867510351,17.201635451119,16.1861029213519,0.435063462654868,-24.3439378582271,-1.38745462438226,1.46610273320248,-11.5568345681575,-16.4582254288069,10.253679284956,5.53416843719273,-20.8964814875241,41.6500381977308
-3.92552708233458,0.997660082575716,38.2150265392769,-10.6345293784533,-36.7784966660702,16.9985732417332,40.5839330662166,-3.41847385937137,6.94032654968809,-9.13884920231294,3.54555881852397,23.4032143281296,47.2501397117706,32.034937632119,10.9392139634965,-19.8814782956224,-51.1083774177179,20.7432334274103,22.3998037772304,-9.09833686609823,-6.21625483482507,30.9017935657362,11.189120417437,10.8416272959465,27.4590741297797,-24.4066904176396,6.6145148758225,1.30802700078795,13.9427679772979,2.85379629669866,17.9667977387936,9.76607628274019,26.0263429318865,45.1867330426201,-2.15681651122431,3.49108834706839,-17.0729212644143,-11.0608211981777,24.5127493315148,39.6180370398702,4.98578803944831,-19.6147380807892,8.73690691031472,30.4867171396199,-4.23318005720823,-47.2031346534635,12.1386161433597,-32.7132185313204,-52.4858675018188,1.22846156061939
-3.07418669044429,12.7138462498356,33.5972809251697,-16.5743867596203,-22.1107615479011,-22.8822938673778,3.33983402693894,-1.95452316795376,22.391766260302,2.41412977833599,8.51681641186596,-28.7178396969747,-7.01555988392498,25.0463114999483,12.0972899049805,-11.1124302014384,-12.705214824035,3.1737393400227,27.0104670529694,-36.9113964314842,40.7250113152399,8.26490841276386,9.49034672573023,28.4090376489939,12.8280793769636,-38.1618822067917,47.1431525587505,-5.41317106015502,2.05824448319637,7.74219905099481,-11.9064674279646,14.93234682452,-22.7234932247684,17.4832930472789,18.9015440841703,-14.8383424914598,-10.3741574342815,0.754781204780517,-31.1872979784047,34.6868367723914,-22.4833963873644,-12.7473446765526,-10.8526779656686,34.1961142289121,-14.9742918266893,-6.78064328818116,-4.7950563610773,-25.4573553985985,-28.261246465426,25.286313753223
-27.270354455671,-1.92280776151933,19.7507624901558,-1.37496626505213,-12.9699277608519,-27.9078558623579,-5.89306253556636,-17.328988061189,-4.48534624034654,-42.5810073042285,0.966362021496601,2.83155941098001,8.04285431672533,12.1313471938182,-9.42819187724512,-10.1567629030417,-32.727053808504,12.0263253200615,-3.22360185480113,-13.4867521596745,5.45438715624996,-10.4116830617193,-2.31722553771788,-21.6824991149161,13.0306668266155,-20.7952709954902,13.6605118192859,-22.5181337773234,10.4641501141509,0.90847800255021,6.47117855789201,4.57100025714599,-7.5132759987036,-3.26740104946745,-29.0370510673667,-29.4887513704595,-7.64155961903759,-21.3026963983393,-32.8280026624874,-4.69158372519942,2.76938300636236,1.98888018736749,-7.88365807055223,-13.2673506246021,-25.4898794843641,-16.7353144595631,-2.8105275749749,-28.1608557538453,-23.0447612797206,40.3582622454673
-25.58664508186,12.6469847004566,45.8287839156856,-22.7278369456951,-13.0642036187655,-46.587270617814,10.4473705758628,-26.5516605326344,9.72566442698584,-21.9513191748473,-16.6165586871249,6.27160676116571,9.39760300816955,21.6538073544201,13.4078046128037,-24.3596390100218,-8.96079285717974,3.58136794896512,21.9718198055841,-11.413465305453,13.241144908108,3.29472183674635,18.2172145354481,4.66468805412361,0.324841868786505,-19.4286117836947,12.2309009019718,-13.0591131834862,-7.57476918191247,11.2510037246391,-9.03537800065779,5.5061840632915,-8.56221598744285,26.8864913859402,-30.4083198006415,-1.90324594000802,-7.73678558231273,-17.7173588835933,-9.30057367553268,21.5144218405551,-15.5147418608044,-0.18811513320164,-14.8598624404348,2.30403933409054,-27.1552611591047,-17.2029333939229,-2.96709778550155,-6.07420752944272,-19.1413410900985,41.8313692337044
-9.79731880228743,7.03932805847877,27.8415604950195,-28.3922776606432,-14.8099075405574,-38.3688831978738,-2.80833815141354,-22.4968842273707,6.15014719249609,8.26724773491831,-0.316795731784974,9.81134991054594,14.0918578521891,8.43955168793316,-4.57486671937126,-22.0471577128211,-2.02468955380296,11.1176249040385,5.60753047977848,-21.0433274467722,9.85961311885436,0.316857331723808,-5.79689951614459,26.8452619794103,-19.3860694908767,-7.18746356033563,15.0761777661431,3.784432056898,7.85287253263694,-4.07222344374942,-12.890318617697,17.1917728464149,-14.6125860660388,-0.0359241725903946,-13.7452674733806,8.45149126572911,-22.9717111236957,-33.9906873133225,-15.2618303543997,24.4471240360931,-9.48029194546381,-11.6616017944806,-7.0956661230804,-26.4769518432157,-3.78818315176212,-1.27096459311949,25.4521261514449,-1.08130037227441,-10.1338920494673,28.279128714054
-41.5414263295725,-47.4343010724954,27.665665641887,7.42653188994391,-18.2654441329466,-6.28487954465722,11.8124701943966,-8.52563518201975,-31.2355415024136,-31.5057166327984,-20.989728358073,-30.7304244556063,-21.3060281973976,27.7172944993364,-0.591427159803259,-13.9147517920985,18.0463233376491,-3.44842666808555,0.00680357804526677,-32.2719089870672,-1.26012230260121,29.4423697528015,5.07854083534702,-0.398285030100963,-17.2089301675707,-33.5009846505281,-37.1716245249999,4.98200588914012,-12.2906492128293,-19.9125046209238,10.4044325797107,8.82794512602738,-14.2247723431542,8.85105072399562,-25.8596200501074,31.3858018936175,-3.93152595938197,-10.1031194984922,2.68730067165904,2.04004565872981,-24.1646109997922,7.93715866358762,9.1092413299033,-12.6726711124433,-3.26196086186023,-45.1786799008395,6.85180074311092,-22.3141174531259,-74.5557106105578,0.4938401049687
-11.9059350978391,17.8683522237485,42.7997339215235,-19.8067979430478,-23.9192087629643,-7.14568800187398,17.4053995891097,-8.50151612829038,1.85983975931648,-12.2890039276931,-12.4672074377948,-6.6299096914183,31.4417419362967,35.1353074400815,0.538933068528655,-9.26997242926697,-26.863792411389,1.56289994114794,28.1171120504518,-12.7507484881887,12.1055776373484,1.74364113514158,14.8267319510862,8.13216715564815,14.9852701108543,-16.2665372861128,15.8715305518527,-25.476337459929,2.83856132487508,13.1594081568193,-1.80515661634859,-0.373237899569273,9.8108628398487,49.8956649621096,5.51626247267705,11.6169638428577,-9.9977633297492,-3.46792292639711,-11.863967620755,33.8291740277687,-15.4534357268409,-3.36164929560155,-12.1681221702473,19.3892588903243,-11.4443071551521,-25.7432470255347,7.47663993670356,-16.1027149078226,-30.927177256919,52.3312061140641
-24.1643454804749,-21.2110410285954,25.2401304627045,-3.62853658920211,-1.59789208947093,-39.0948431952305,0.906747775809997,-15.2127981148191,4.75025661343393,-44.4100225445777,2.29253368158409,-4.02426860786207,-6.05241977526996,13.8267807326709,2.5535894852344,-21.5811499758097,-12.6443374123286,2.28674709596003,7.86723857529434,-37.8014084435264,27.9461650049,8.63463797719488,29.7576649910331,-7.47288911252465,3.44609897600002,-33.5302543088923,38.2024623961774,-14.3133605057058,-0.540536988025442,-11.4845208953527,-4.00171479461991,-2.59345553704267,-39.5396505134623,-8.8599257467222,-41.7468938397018,-8.14188334280329,-10.3053634103349,-38.406168117399,-15.7341108834633,10.3667006785367,1.12005673255225,11.0532740504628,-9.65022086410892,-6.93834602070362,-38.7064393400709,-25.3407056444908,3.76254373218399,-16.7477988724444,-25.8663294214584,26.7266439980777
-11.2780395639246,6.87011243690557,17.9606149050138,-16.4720488376441,-28.2617274423342,-22.4686856139039,7.84008641017317,-15.93579403826,7.15561754494987,-19.6949140625933,-3.80056869537846,6.01362825995984,13.8145687243433,7.50427835861753,-8.8249504911573,-13.5413270744825,9.54752855513001,-7.87221249926774,34.8706172219369,-22.4755271019407,7.95783836479378,10.3031829539077,25.459925955115,0.289989441800663,2.59947186189938,-10.1872847712903,18.331032943215,-11.497176954321,3.93347193813023,4.87067262170789,6.39415144574595,17.0930986214173,2.97988332598422,10.4892014618058,-21.2286292503047,-1.06864302159763,-4.67554944270659,-5.72983658488045,-12.7081691361085,9.82266754047568,-13.3479673800351,26.6700229549968,5.99408877304797,-8.3150580171031,-25.3094141756001,-25.2635151512756,-1.90436654431326,-18.15709214575,-45.2649123623838,54.1263455856631
-30.8959074510072,5.19619528863837,58.8359408218769,13.9319746869075,24.3476899193769,-27.9287059514006,-29.528919712898,-12.5290931359576,-9.28951446721927,-43.1583460454859,-10.4896638870521,-38.2686005714618,-32.9386746145039,49.6855167696856,5.73554318400479,1.89917402886026,-2.04465637863262,3.53562129369229,-3.55221749088917,-30.8153417384504,32.5041732992308,-7.82908412604414,18.2685315300206,14.3066962464506,-14.1943648907774,-13.3439586209338,24.6874069206238,-36.1500536921173,-8.47432772760323,0.941178694407122,-12.5755096887826,-21.1996898501948,-31.2998505927743,37.6707330197264,29.673281358089,4.57140227029596,3.70584836425747,-6.65766739601708,-52.962632079514,-4.65383072569297,-16.1881695902293,10.6863257646526,-6.68130780516458,1.74558852620085,-10.8353651058655,1.3041274791991,-19.2720595742786,4.76173807917847,-13.1535615054635,0.01
-17.6485975161186,-7.96378175914197,14.7990467115128,-4.07690775097892,-26.1428960578967,-6.9768422372483,12.5172778190782,-16.9396618251525,1.36798148619472,-11.675725903355,-4.84625010537574,0.178481798836443,-1.75388070093794,15.2670703746607,0.407910852092385,-4.39494870422859,-0.010641998372829,6.07763368386554,-9.64841823629967,-18.6589146273131,-0.206272386576632,5.79921846241621,12.4379728367367,18.2571024820515,9.77906512535484,-10.0484826727702,13.4490840920883,18.8288018261536,-3.63881488029332,-4.20578106117117,-3.66856261321048,18.4100573673317,8.58734375533333,1.48874958009108,-17.9196639179076,2.46877946293635,-6.2340189111346,-7.77125412924315,-9.82319859380575,20.1291691309109,-4.0867896195773,-27.0767366410149,-3.20395185814413,28.6229479634239,-13.2224634105898,-7.19624719291764,7.88638892277431,-30.1371099158666,-50.6628386179043,43.5194847562824
-14.4381109284937,1.20116200515309,20.2769253524066,-13.0139888293195,-13.789010971442,-6.33281725558119,1.12840063721287,-18.34261976816,14.6314192236403,-10.5318693322264,-15.8004624380448,-8.81838680762437,3.28472811276836,7.18128178981262,-8.037064992593,-10.8584205429435,-3.40364344066338,-6.71009898296014,21.1595224179282,-22.4811799415645,-5.75320216560773,-3.23467761523941,23.8348278918065,-8.6243595598195,8.92861630336995,-12.4304840652536,12.6381488980424,-15.7650394635366,4.28726460465316,5.31143820294227,-1.59232301027489,-0.669243552263331,-6.86932237481329,16.3993121169487,-7.18908124950001,10.2679274869925,-2.95024265628913,-7.36794453789059,-12.5630068572873,14.4295293655198,-20.8777676707063,8.76889841368806,0.771424709715542,7.8811374472367,-13.8651893975504,-22.3344601375343,-2.81951685478383,-12.3865642241409,-32.2331708326087,54.708216912115
-0.458655574345951,19.4759622853406,14.0955915744945,-8.28883575136163,-13.0961755517796,-15.5710410606083,7.08028018377934,-17.522155236787,11.5230640891667,-4.48274067195283,17.7086521584417,2.99123277774813,16.8728320704859,33.2993252754947,-11.3599827898729,-23.0395499202968,-9.73916172908601,4.37086091029139,19.8562379910351,-31.7005522125728,27.8065760804733,13.5493992088566,28.414906986457,18.0890352872323,1.45443556018787,-39.7173349854117,38.255271611618,6.44479887709046,-10.7776531631852,2.19305088002127,-12.1310267585375,15.946525026459,-20.8967615457703,19.2398788099611,4.66667311190154,-9.30372236308973,-10.7139402856152,-15.1389293113864,8.28210883746466,19.6562127691904,-12.8330550198913,-4.43092729455057,6.5678573879766,17.4868458592935,4.85009754828473,-29.0478736497511,-14.3432952345621,-17.1991514487448,-51.1255851861934,43.8416463415485
1.43146501508033,10.6531211323931,19.6974742973245,-4.26704306816418,-13.0999075856817,-2.1858380840577,13.4660725890315,-4.24304271088784,2.79350532628945,-3.05865858881693,7.1748717004273,2.1142989292581,13.5155716330659,13.8193749715426,-7.10342428026272,-10.8846703105442,-2.11243332223534,-2.09687414200373,22.0056082226793,-7.57254974631684,11.1458085232496,9.36647207302979,18.5018222101609,4.710103307297,-4.34520180381295,-8.49569952680564,24.3541594198469,-8.04191995077083,6.90062567728863,3.04876381843515,1.8279299224312,8.56697052693369,-2.16544922154884,22.9612562609343,-8.85894633865066,6.67764932937565,-3.08585160694226,-4.41209562341911,9.17710944031698,13.8887293234562,-6.47102800097313,7.36390345311725,2.51235530819605,8.95835412918888,-3.73037202027012,-18.6005177963324,5.82450509019089,-11.6052211538541,-26.6400994168558,63.1348355155521
-12.592984325273,0.462335643964052,45.6423600143531,10.8264396678339,2.71669607463055,1.21300720509598,-11.4761042046974,13.6542746542249,-4.45352330781805,-28.1947531693514,9.57504565395961,-3.96756793572673,-25.6464670731106,10.6853955857607,-2.79986980063724,-15.7998061277623,-7.65470507493618,-10.0712819072576,25.0815856840615,-14.3237852055733,24.5859663990942,-2.92424371053829,27.0010742864031,7.19419850800223,-13.5410222917045,-3.22349443448842,42.4250482804178,-31.9664195201467,4.98699678847156,-3.00457863029936,-0.394327849565619,-0.80122888443118,-20.954502131503,-7.66406841165745,12.6752585397306,-24.8866685887872,-15.7065317397075,-7.09078877729937,-27.4721659664643,-6.52090517591265,-18.112733504579,26.3842279708392,-5.24086554994678,1.08032836227103,-28.1211588474932,-19.4506047658585,-24.4159052503004,-2.94094322154386,-19.3938911567344,29.8501178461214
-34.8903717126975,-23.9395863873492,33.6337966692678,-19.9120287263655,2.7553469057196,-31.7122187088797,-11.1043595280912,0.413153234306649,23.6727926753771,-7.10019138971925,26.8912122393455,-5.3183363027574,-15.3922916807347,0.0746089786242277,-4.91835580888585,-20.5940270853747,-8.39877304005758,12.6899053813922,-3.10746923122108,-32.335852739327,22.5063810966269,25.1815868214083,15.3225356344956,5.06893001290407,-12.0027560032933,-15.8558691799415,32.7487846153394,13.7527002974789,8.62743941961561,-7.74934853847823,-10.8963717316443,-0.381328648232879,-43.2487439555282,-4.05649903191347,-18.9721709310464,-6.02888892033789,-30.1804430052994,-36.833064230477,-16.00460292095,8.51246186417759,1.9771821696388,-15.706034108066,-4.46840703620792,-21.9871409645219,-7.75124613162875,-5.14851218237132,16.2116314670908,-17.2108102440673,-10.9510160983639,14.2255339101933
-21.6899541153553,16.5648677930777,45.0678580640331,1.32326832605465,-11.9309557248934,-21.5868818390555,-1.3754543035728,-15.2380173908198,7.55493229174341,-23.0450204188167,-11.3619024717734,10.8730461113797,11.4295176836095,24.3139284557492,3.53971288883769,-28.0782655049682,-4.29504835625578,-4.90250840124048,16.6667221801352,-23.9166081830822,7.35778942550359,-0.671057326716708,20.8924100093137,11.8579212021007,1.99797696845777,-19.9974875573969,32.334567306234,-19.5494677087267,12.4242243526435,5.35695592844192,6.4828660717075,16.8330756234674,-8.86963206942178,22.747442480862,-8.64181264309903,8.94853217017136,-8.59542476340409,-12.1388276481648,-4.01583109699349,13.2942904138012,-19.7097775359892,-19.9272007091694,-8.34481007376877,14.5911508221445,-17.3269156015849,-17.8119700609275,-1.26904722825025,-16.4144672208564,-38.3336236433771,57.7309812822698
-32.2125466414557,-39.6337907693511,77.2595878386437,37.2761610874664,-17.9975169959834,-11.0419724804146,19.2104887277363,-13.5579963856538,23.2064628768635,-27.6800337217472,-18.5102825696015,-8.06153251633669,-11.3531047591483,50.0636083453825,17.9022517576428,-24.2647655930911,-40.1674342923213,6.82345150095494,-0.645230946724733,-70.8310634833823,22.4481963434397,50.1492676717664,27.3827682969133,11.2262629696742,16.2883481203634,-75.9579022532797,13.7375478240224,15.4252973352563,-21.5340205092754,-18.6957423587917,18.219643024932,-14.1238442065801,-68.7882454166427,50.9140770547186,7.17650742069899,29.0655526250204,6.05522231442237,-2.43507103128156,-1.99580413077432,45.621958192659,-11.1863889337581,-17.9472554200665,15.0705369091348,31.6720240137908,-1.34443592577056,-15.1130818637291,-27.2781359392788,15.4779544475558,-27.6659927036919,0.01
-19.0773775384907,-22.4860563968576,22.9827913997043,0.106150820913403,-5.01625126976214,8.84116699354573,22.7724130049468,14.1576250791293,-2.42176592170888,-27.2317961640938,-16.1000992490598,20.4216371294266,31.0483958735823,16.3426652057009,29.5124532055743,-37.5637194604972,-25.6695951418483,-8.84857154133779,18.2041044529607,-4.36281774535452,11.0279813611105,26.5161991921722,29.913649220666,7.37491261207049,22.6530735840748,-8.07477590135601,-2.03818225393459,-11.7784939950345,-7.20859171724027,-2.78532541510584,18.1820431394654,-5.04531373936103,25.1862461695388,15.5431391161226,-9.37426722461522,2.12508285248546,-7.12522239342927,-9.47930829449787,20.4895696779276,21.8790217780374,-3.62893256560836,-7.0642325913655,-4.05735158085657,10.882479634777,-23.0529767874703,-28.7376858429366,2.74068089307772,0.0960069746198811,-30.3828475830206,30.6992594893985
-24.8961510747657,1.17230458640917,37.6415929477252,-21.838208962662,5.16161246297204,-19.9276164225996,4.58316653674611,-7.22885435402117,8.42108758553747,-27.183288627713,-2.67867206625584,-17.1939642664231,5.06136401661093,12.8281672338597,14.1574704343497,-16.6383016235959,-11.7117318170042,8.21074725049126,22.2889903833451,-22.1264049158272,3.40836733241962,11.10292637405,32.4384290086274,-15.6087155971466,6.70712069414826,-14.8425657069892,10.7089191949718,-19.5556820490859,0.667281316051741,12.6393290066951,-3.72388212286279,-13.5967889463252,-10.4930849936007,33.0602595665382,-5.44210174189033,8.6857329649486,-1.93610151144327,-11.1271034068993,1.72911002137867,5.77146690803229,-13.2859809533083,-0.0995009265607579,3.22057611508253,8.90758301556697,-18.2161192098308,-31.808163575556,-10.2503955776931,-17.9508136933277,-28.7868001143833,60.6204827567489
-29.9801429809364,1.95474142873534,44.4994533261397,-5.84503504543324,-16.6583815991284,-29.212825885809,10.4279112839232,-12.5869694308245,-0.642748807235896,-28.3768810690687,-18.5285260566461,8.6370282376474,16.8626412593165,27.7035861547517,8.57503516636726,-26.5320237368166,-15.4209170540009,-0.326272654684101,19.5181130728284,-8.3672964363085,20.2144840737967,11.7739651073653,18.7097482894784,4.45241822487085,6.48943263100797,-25.5067781582797,27.4700221684833,-11.0606931323205,-10.9783755845791,5.53348842080206,0.498432856617343,11.1907397658255,-15.2839242540634,17.3590555110174,-35.3947784651726,3.31575005843801,-7.13597730368969,-10.3923774171592,-8.95047975904454,27.7101613710811,-20.1297752782205,-2.26793486442068,-7.15865958513962,11.3337886673048,-29.3039734952971,-24.2919098377902,0.263333745240827,-5.91406700962719,-27.3769035807284,49.5199432651922
-5.36240870730154,8.25855645221281,8.92653674020106,0.0203571351675931,-7.90460653786343,-5.95593270919928,25.4961309485845,-0.58571970573451,0.360852062893971,-23.9421549559628,-9.34922507131264,12.9032696200964,10.1501897642493,14.1366266786029,-8.11873182191927,-13.9935072982825,-2.50379804526188,-11.4280683280731,13.833514773668,-8.40213023492002,19.2089491121211,-0.81078670548038,28.8581791067874,11.4846654979479,15.4075680487588,-11.676485553163,38.8101106434398,-17.7732459749933,-4.03541790321869,7.46120554410014,-2.86630356418757,5.25312441599597,-3.0926476526636,5.14975917090743,-14.923588605173,17.2509169263415,-0.552502731542337,-5.64586991787364,-10.6311704196924,18.5368687943923,5.18096583479057,14.3416498845745,-10.0066203494624,19.0066921002623,-30.6969571461165,-13.4595933814062,3.92403874962328,3.30656427798198,-22.1339408435679,47.8044762704809
-6.04507018615617,15.3320401217934,28.0658366640992,-6.08086725686045,-7.17927937914599,-16.0165258925002,5.47842204584362,-3.72367035418912,-0.867641512322949,-33.8368362062,11.7350466841658,-2.04730597099506,0.277756330535257,6.74428386129321,-5.31521513423102,-7.37628199001013,14.3537043020816,-14.3482504461425,31.7046456000042,-16.9012288575414,23.4508254091669,-5.19902987473119,19.7672489265352,8.55181818258022,2.41761429031159,-7.88694964298059,18.1127944613062,-21.3296132276402,-8.99630972753263,15.8141905816058,-6.67673473012711,10.8680700115707,-4.757827841861,2.18340739727172,-12.0120454032476,1.50560687734077,14.912598006624,-4.75886855015347,-16.8228942587762,9.06835836825593,-16.2782194975647,18.3764914278619,3.25619469047808,7.14221832912579,-27.6731483155164,-18.5045730986124,-2.09442794501936,-19.5593688740038,-26.9510929885056,53.0431933476937
-26.3497577603117,-0.827717789125286,24.6845808800113,4.93274987470743,-16.9037973471724,4.02625449695121,15.727055124174,-5.4429967595203,-16.4115578602056,-20.546154967747,-38.9212237177454,-36.621100719005,-8.97599251133905,9.76840005107917,1.17129111704448,-1.89224731362023,-18.015320681066,-14.5422489425458,16.9791130969113,-29.7763965584613,-11.6694090865095,-17.6136181966189,2.09783076773644,-26.439680739882,18.7346722936213,-37.4567993206959,-13.2858210575516,-23.4064020545103,-9.83116742202068,-3.79805172306968,-2.50010125460025,-19.1706580900658,-17.4663834128704,14.0855745216007,-4.97871692897358,-8.00398937046081,9.65037950871479,10.3933228420967,-17.1517608672655,9.9096784780854,-20.7017889854971,1.83801085012825,-4.09054489533263,34.6789829790119,-11.9548488260273,-42.699784013405,-26.8166337675767,-27.4077475412452,-48.9711231181965,3.58572570930333
-1.66891328872643,-1.14411699450005,6.58121774805294,-18.4576888439191,-3.25242918474157,-23.8797283042048,13.2618665908293,3.30760851000802,-11.4505295746584,-26.7166607475974,15.5252321436383,-19.8607554524089,4.79744315717642,-1.27157814472154,0.753913268784651,-25.9067426010677,-16.6561116759387,-10.8201082087714,24.0351919758613,-23.1821861598301,14.060750433595,-4.78568247882664,18.7166455537717,5.66869530970899,-10.4140121303369,-8.21017685628268,37.0562989290501,-35.4144654391578,5.70178966847754,-2.85163570576485,-16.5949510283174,-4.51891474261341,-6.1537329011974,12.0883532818298,-30.4624937199481,0.61382200689367,-20.4361659794706,-26.1061078530533,-1.56364981707439,6.0351845384832,-6.99334174813766,5.61753631262117,-14.3025897040104,-5.43541569541183,-40.6702488006647,-23.1667540638195,14.8076656690025,-34.4628910869506,-20.1220384138418,36.6207898887939
-17.6928564208296,-7.50879592352191,26.6760990913247,-4.98566040584835,5.38685736325518,-22.4869028133909,1.15940877794013,-3.15873864943907,7.48328822604567,-15.0030747232995,-11.758107547152,-26.7265408195127,-0.0956330926061171,34.2715690826427,12.3914902487333,-6.27585827400434,-8.97275657904765,-0.165824237361603,16.3202249551424,-46.401116313854,23.5556161103947,-4.52933203459565,29.504506791511,11.4366327940416,4.17241789516503,-15.7171763089807,24.4201368097553,-19.1765301368858,-0.90495929180839,-8.06773479141306,-12.7562126822804,-6.84510272009547,-17.6839608869365,14.2170895804041,10.278705625643,4.56876098357496,-9.54166647742758,-13.9955593264599,-24.539835196876,19.9574080326082,-10.2845561482508,9.5734729289672,-10.6230141049136,14.5096193153016,-21.0422086468436,-20.6542866739161,-1.2346005881121,-13.9218077282558,-24.5900349277859,39.830228610873
5.39847318273528,17.6792436165438,16.4141636349187,29.7208150623001,23.715865076491,-22.4067069979312,21.0978550802313,1.22613509024738,1.52579833544817,-32.4347910369184,22.5386332501207,8.2746643249048,33.4523101242178,24.6959473744793,-1.44885515379306,-2.87782157331403,30.1053134985515,3.0920006165448,19.4277145179965,-20.3826415600967,39.581462574238,29.6429334665379,37.5036616179792,-11.4485218251168,-9.05267664131686,-8.31518104763756,20.6165640409252,-1.4777306958937,18.6406071147731,3.80738468138142,38.1415719661528,26.7696790765169,-7.90510598444653,43.7317590730819,-30.9902692808347,13.1141259719683,17.3611270954762,13.0499771039004,17.6630577559254,6.87295515149881,13.9491020322633,61.2733906601129,22.205244025758,-17.7623218948599,9.93612528574858,-1.33427175958967,8.73357681913006,23.9196728740683,-11.14059396795,0.0267457460879593
-17.6792084743734,11.4832665212209,30.3822366831764,-12.5120767965795,4.26683341979601,8.25572640777296,0.36874549935181,5.80812152286087,39.6740150211958,10.5997488558701,12.2004244271296,4.50258726592219,-10.4300910118121,2.40460086908134,5.35235356518225,30.8754759761317,23.1024567201875,4.66745932139502,38.4127568452435,3.87465471123285,10.3928475234979,16.7106131091519,30.0821581167769,-15.0569313083103,22.066437241154,17.6556270685112,-9.59067899618263,17.8906478544194,-1.36011127800667,28.2206945755874,-0.265120519156109,-4.1109225446768,2.8653917063848,13.6822969130945,15.803206235393,1.52560490999227,23.6070393715114,19.4867257570442,-4.19878988910798,1.71561968499309,5.13086629260246,32.1052003649557,23.9399886971931,6.22577957650637,1.95508696473933,-2.77267470157487,-7.80789259934613,-6.20189618511507,-3.41655147737076,0.0100719795609541
-5.81396951510069,-6.39532948216303,43.5401591652424,3.09078777930582,-4.67637357100322,9.29978732564605,10.2280373841477,14.1324976362495,-1.85241470187864,-18.961005232171,15.4739607633641,-3.4746608743559,-17.2880069818009,6.65931513996463,-14.4746353762546,-5.15124322758699,-17.8043917577563,-21.4225479989347,24.273167010592,-17.8342799804881,7.88615741989405,18.570440753845,15.6547440213107,-13.1908416729473,-1.2850703217652,-17.4883211220855,6.02663394918776,-20.1382507760809,-17.5605122371722,-7.06437206087763,10.5777651851881,-24.4758218734104,-28.7566702170552,24.745856172403,-3.71821287024302,-0.194467370587675,-10.9233803473825,1.87495816701724,12.055641146765,-0.593375569339357,-2.57146157385522,30.6273022699739,1.28762726061038,-15.3655126032233,-4.54571228034757,-20.7716358921011,-21.1985060364079,20.7951124808513,-8.75382756383175,24.7706951218365
-35.5647351662377,-10.2837298541044,46.8460753552438,-34.682415034756,-31.7286786838215,7.39000481805306,14.738764347745,10.0544331484675,1.78143120299286,-11.3618619355741,-2.86440580988421,-27.227080882544,-6.95227008871008,26.3863913695967,-3.83894783884292,-15.4940018061698,-37.4241172491705,-7.08714111351245,17.2178870966438,-4.99941892611453,11.0596491342267,0.471703392399196,17.7590455378691,15.2280296973056,12.5409711099301,-25.8195394179085,24.080075094036,-22.2993034535457,-24.500739757563,12.0624007239933,-44.1001292198871,-25.7122355083381,-15.5617858144564,26.9781535008659,11.6681070624981,9.68437182355396,-19.3738260231436,-18.8921464562109,-17.8359858840575,31.3153908191111,-23.8648303886599,-48.9109820460069,-30.5489506949028,57.9056269546601,-25.3952131187129,-44.2040095720163,0.0459627144163895,-51.2071534595582,-39.2430983969042,0.144156028467461
14.1231428978299,23.7019921230053,17.5628257900841,-16.136447076024,-53.4575202700579,16.030805240402,34.6754562014338,-0.837343813770026,12.0718554014234,28.2289075321035,-0.590790310227276,33.9944906050413,32.4133020007973,6.63126438612491,1.68275040436894,-8.96608514266679,-21.387676453504,20.7000375013472,27.1484907797569,16.1684563916077,-8.55174786814677,43.2235050586393,0.836709029227685,11.8024320732009,17.6244764729668,-26.4338254215331,13.7995714644283,28.1842501686612,9.03870810578775,28.3185056922403,22.749715352268,27.2216746912399,26.3351542573614,41.5922678199237,11.4014522136526,-8.6826592200995,-7.77883978193602,10.6510618228739,12.6313840341852,10.5276918055562,-0.764995518130376,-8.14791462731699,25.4954340140168,16.2368472904882,2.15411351690193,-21.0990929596116,-18.3428948589,-12.5880513445352,-39.8662547136519,0.0185824008414955
-6.54763302207951,5.37825446733093,28.0672586961888,12.7022336973437,-33.5549265207663,-36.9693656707157,6.62724432713954,-23.2498349592904,27.4081407526713,-19.7967988900929,-15.9861253767579,31.2671859449264,24.7993894441144,26.991120745339,26.2673658420962,-13.4018201809849,-1.54984550078419,21.1494164774979,21.4319366963363,-24.8193865568348,26.8221464463554,34.2293833129023,5.66641701735441,13.2153104924856,31.0184922789367,-51.5486330067718,37.6961769211282,22.2763062923632,11.531899572814,28.2312472923518,31.5645832782516,57.1374877883518,-10.6942117200624,10.7646504942772,-14.0031943324643,2.23743030687612,17.2103587437948,12.0171678888172,-18.2676816899753,20.4525339100997,-19.8947909291899,-6.53452492021232,24.4499039853778,8.36284517946421,-22.9504317692118,10.6677777171444,-6.75398873377263,-15.6125665963219,-19.7954549930117,0.01
-30.9012480793345,-4.5626512598347,37.2269229323388,7.893938838844,-0.371432740130259,-15.3356195697976,18.9505686825928,2.49176317704264,10.6958807316531,-22.6633131808843,-1.69892418306236,-10.2329241493471,3.41175642414527,23.8117070613849,5.27810331780122,-3.46224249321893,-4.39474265931156,2.18068955499204,15.1659393407733,-24.9428043222549,12.4258944415328,10.6412724860361,23.9978459034195,-6.33012140002445,9.87613411702041,-19.2134073866813,7.43059974266131,-9.55490861516148,0.372937995075436,-1.70063396979163,5.6713501577985,-0.781108274178501,-13.1625137983402,25.3857233941966,-18.7315929743983,10.1740300632017,-4.68453512654461,-1.27070300753959,-6.76170527166022,11.589728751439,1.42865382371452,4.96196525807287,-5.78483700294562,9.90769415168518,-14.4523933738559,-17.2242795384932,-2.38953966984353,-10.9125482723119,-22.5827204291923,56.0476571819935
-17.0204826158447,-2.39221750807928,43.4167239554149,14.7452492193893,-23.6270943249021,29.0873074027527,23.007508268655,15.7548269079622,3.14504444124849,-13.8975355002098,-5.86319937361208,27.8873450494295,32.4451746139727,26.6196171989418,11.2473668924927,-20.4309789530034,-41.7710480829328,24.7694671458799,12.7017625189885,12.263479657862,19.1642746784433,54.5184096781921,22.0208641013436,-3.17622551656678,18.6368699790308,-29.9685170794806,30.939828061822,8.76803478469857,30.1289608917176,8.9030370709582,40.334746264073,16.11369400759,8.82169399343213,43.0640875490829,7.96129121747188,-22.3631243544907,-25.4554258438237,-4.63576646244058,0.676489516783953,11.9607566756323,4.19663777852444,0.326704320017702,13.7508735525,19.6476903118677,-7.80903340945311,-39.2275660180154,-14.8762489556767,-6.54412509333961,-46.2911115410908,0.01
-17.8151236701851,-10.6379979905933,37.4659205990129,-7.6721096585731,-9.80429362742585,-7.14940574585565,11.2619208585394,1.64121844581938,-4.70721267157245,-21.3617791553346,1.40835525792457,-4.07220249411915,12.9019844891516,16.2902942135783,12.6874510095911,-19.4552343622524,-11.4981744051334,-2.91274255259262,18.5338950549027,-16.9012083984382,18.7441561339922,27.3989767391747,18.7723843981887,8.53225906533688,-2.06392780303954,-10.7187131283145,3.75112629256092,-6.42010784347158,-5.44541921850983,-0.566696240877414,5.51276718496987,-6.63537806207622,-1.1077304589314,35.3654549596902,-5.38440727102657,13.3505395833678,1.44021191526748,-8.53141286683674,4.80141258038357,16.0423830054819,-10.3097380248966,-1.73097968544352,8.0857295150731,0.743075347804154,-6.78815486066284,-18.6209402365577,5.47103844784975,-8.82488132521645,-32.7725499206935,50.7049176663095
-18.4936108280483,-31.4816927604752,18.6294835802648,5.44524143630299,-23.6665445192863,-13.0152718208845,-11.793321155942,-0.185875218801478,-14.3772307599556,-29.7146256002801,10.398424078406,-5.87884156988563,-22.9248707436665,-11.1086438646393,-16.4952303957875,-23.3478199517177,-20.4761768527302,-4.93098532138094,11.496808684621,-23.7850707779257,8.99381752711266,8.47515921928197,7.57424473373661,-14.5549830116999,-31.0622645122443,-18.3481047272052,12.87259296101,-18.3391261689542,7.12814097976724,-23.3613473308207,1.8701813051953,-5.6263639056631,-24.9157040616663,-16.8832418533637,-22.6335222430829,-38.3278005023259,-16.693941741713,-23.6448537602221,-23.2549395854925,-21.9701716005832,-13.5271289172209,28.4020367103018,2.23515685114352,-32.3029862598158,-25.0084156057096,-29.1071842473982,-17.5152464514161,-27.1431531770265,-29.9215229172066,0.296330377947223
2.06228598918148,-6.78193476232382,5.44627168529373,-19.2733816705939,-6.34664077892237,-44.1766262808201,-25.4203378241848,-54.1679926008151,-1.03371200992412,-36.2499963057167,-26.254012035112,-10.5128269128097,25.6334855943028,35.1078587032991,-5.33495429511563,-61.6967018697714,-2.62840892165542,5.91150098427558,-9.25030191305797,-54.5458186252648,3.9260467290909,13.6749297203604,47.9848503951985,21.2226144336916,-29.6715672568895,-22.5973805731812,50.8757090685457,-21.6094949112135,20.8654315195539,-17.0159745264391,0.541275757221191,23.105771431759,-8.23313087682336,28.3780851812535,-8.03017550351121,12.8154705416212,-11.6097451394771,-44.6241708613536,0.7213296223941,19.3327368394632,-29.8956740983749,-7.08240563318985,0.128867884900913,4.75914759843284,-30.3621478825798,-43.9198199839194,2.53065948906933,-17.9321783406982,-70.0190240123441,0.01
